{"accuracy": [0.6010100245475769, 0.8647556900978088, 0.9166796803474426, 0.940564751625061, 0.9569955468177795, 0.9643075466156006, 0.9719894528388977, 0.977580189704895, 0.9792872667312622, 0.9829291105270386], "loss": [1.355442762374878, 0.4272060990333557, 0.257827490568161, 0.1817266196012497, 0.13182927668094635, 0.10735628008842468, 0.08545234799385071, 0.06970442831516266, 0.06447930634021759, 0.053915854543447495], "val_accuracy": [0.8405417799949646, 0.9052469730377197, 0.9160027503967285, 0.9317664504051208, 0.9392784237861633, 0.9568631649017334, 0.9567493796348572, 0.965740978717804, 0.9697814583778381, 0.9728545546531677], "val_loss": [0.5022629499435425, 0.28491199016571045, 0.2565113604068756, 0.20966969430446625, 0.19307415187358856, 0.14521366357803345, 0.14687247574329376, 0.11532812565565109, 0.10683879256248474, 0.09251707047224045]}